what,kind,bundleId,bundleVersion,description,time
started,bundle,org.eclipse.jsch.core,1.1.300.I20110514-0800,"org.eclipse.jsch.core",1369722798110
started,bundle,org.eclipse.jst.ws.jaxws.utils,1.0.100.v201201031437,"org.eclipse.jst.ws.jaxws.utils",1369722798129
started,bundle,org.eclipse.ltk.core.refactoring,3.5.201.r372_v20111101-0700,"org.eclipse.ltk.core.refactoring",1369722798149
started,bundle,org.eclipse.ltk.ui.refactoring,3.6.0.v20110928-1453,"org.eclipse.ltk.ui.refactoring",1369722798169
started,bundle,org.eclipse.mylyn.bugzilla.core,3.6.5.v20120123-0100,"org.eclipse.mylyn.bugzilla.core",1369722798195
started,bundle,org.eclipse.mylyn.bugzilla.ui,3.6.0.v20110608-1400,"org.eclipse.mylyn.bugzilla.ui",1369722798208
started,bundle,org.eclipse.mylyn.commons.identity,0.8.0.v20110608-1400,"org.eclipse.mylyn.commons.identity",1369722798240
started,bundle,org.eclipse.mylyn.commons.net,3.6.0.v20110608-1400,"org.eclipse.mylyn.commons.net",1369722798240
started,bundle,org.eclipse.mylyn.commons.ui,3.6.1.v20110720-0100,"org.eclipse.mylyn.commons.ui",1369722798259
started,bundle,org.eclipse.mylyn.context.core,3.6.1.v20110720-0100,"org.eclipse.mylyn.context.core",1369722798280
started,bundle,org.eclipse.mylyn.context.ui,3.6.1.v20120112-0100,"org.eclipse.mylyn.context.ui",1369722798330
started,bundle,org.eclipse.mylyn.monitor.ui,3.6.0.v20110608-1400,"org.eclipse.mylyn.monitor.ui",1369722798345
started,bundle,org.eclipse.mylyn.tasks.ui,3.6.5.v20120215-0100,"org.eclipse.mylyn.tasks.ui",1369722798469
started,bundle,org.eclipse.mylyn.team.ui,3.6.1.v20110825-0100,"org.eclipse.mylyn.team.ui",1369722798541
started,bundle,org.eclipse.pde.launching,3.6.0.v20110506,"org.eclipse.pde.launching",1369722798564
started,bundle,org.eclipse.pde.ui,3.6.100.v20120103_r372,"org.eclipse.pde.ui",1369722798611
started,bundle,org.eclipse.search,3.7.0.v20110928-1504,"org.eclipse.search",1369722798663
started,bundle,org.eclipse.team.core,3.6.0.I20110525-0800,"org.eclipse.team.core",1369722798683
started,bundle,org.eclipse.team.cvs.core,3.3.400.I20110510-0800,"org.eclipse.team.cvs.core",1369722798752
started,bundle,org.eclipse.team.cvs.ui,3.3.401.v20120126-1227,"org.eclipse.team.cvs.ui",1369722798815
started,bundle,org.eclipse.team.ui,3.6.101.R37x_v20111109-0800,"org.eclipse.team.ui",1369722798949
started,bundle,org.eclipse.ui,3.7.0.v20110928-1505,"org.eclipse.ui",1369722798988
started,bundle,org.eclipse.ui.console,3.5.100.v20111007_r372,"org.eclipse.ui.console",1369722799026
started,bundle,org.eclipse.ui.editors,3.7.0.v20110928-1504,"org.eclipse.ui.editors",1369722799026
started,bundle,org.eclipse.ui.forms,3.5.101.v20111011-1919,"org.eclipse.ui.forms",1369722799155
started,bundle,org.eclipse.ui.ide,3.7.0.v20110928-1505,"org.eclipse.ui.ide",1369722799226
started,bundle,org.eclipse.ui.net,1.2.100.v20111208-1155,"org.eclipse.ui.net",1369722799268
started,bundle,org.eclipse.ui.views,3.6.0.v20110928-1505,"org.eclipse.ui.views",1369722799304
started,bundle,org.eclipse.ui.views.log,1.0.200.v20110404,"org.eclipse.ui.views.log",1369722799353
started,bundle,org.eclipse.ui.workbench,3.7.1.v20120104-1859,"org.eclipse.ui.workbench",1369722799436
started,bundle,org.eclipse.ui.workbench.texteditor,3.7.0.v20110928-1504,"org.eclipse.ui.workbench.texteditor",1369722799500
started,bundle,org.eclipse.update.configurator,3.3.100.v20100512,"org.eclipse.update.configurator",1369722799543
started,bundle,org.eclipse.update.core,3.2.500.v20110330,"org.eclipse.update.core",1369722799630
started,bundle,org.eclipse.update.scheduler,3.2.300.v20100512,"org.eclipse.update.scheduler",1369722799665
started,bundle,org.eclipse.wst.web,1.1.501.v201201190400,"org.eclipse.wst.web",1369722799708
started,bundle,jp.gr.java_conf.ussiy.app.propedit,6.0.0,"jp.gr.java_conf.ussiy.app.propedit",1369722799708
started,bundle,org.eclipse.team.svn.core,0.7.9.I20120316-1700,"org.eclipse.team.svn.core",1369722799806
started,bundle,org.eclipse.team.svn.mylyn,0.7.9.I20110318-1700,"org.eclipse.team.svn.mylyn",1369722799843
started,bundle,org.eclipse.team.svn.ui,0.7.9.I20120316-1700,"org.eclipse.team.svn.ui",1369722799919
started,bundle,org.polarion.eclipse.team.svn.connector.svnkit16,2.3.0.I20120316-1700,"org.polarion.eclipse.team.svn.connector.svnkit16",1369722799940
started,bundle,org.tigris.subversion.clientadapter,1.6.12,"org.tigris.subversion.clientadapter",1369722799973
started,bundle,org.tigris.subversion.subclipse.core,1.6.18,"org.tigris.subversion.subclipse.core",1369722799991
started,bundle,org.tigris.subversion.subclipse.mylyn,3.0.0,"org.tigris.subversion.subclipse.mylyn",1369722800025
started,bundle,org.tigris.subversion.subclipse.tools.usage,1.0.1,"org.tigris.subversion.subclipse.tools.usage",1369722800057
started,bundle,com.android.ide.eclipse.adt,21.0.1.v201212060256-543035,"com.android.ide.eclipse.adt",1369722800058
started,bundle,com.android.ide.eclipse.base,21.0.1.v201212060256-543035,"com.android.ide.eclipse.base",1369722800070
started,bundle,org.eclipse.cdt.codan.ui.cxx,2.0.0.201202111925,"org.eclipse.cdt.codan.ui.cxx",1369722800111
started,bundle,org.eclipse.wst.common.project.facet.core,1.4.300.v201111030424,"org.eclipse.wst.common.project.facet.core",1369722800163
started,bundle,org.asnlab.asndt.asnjc,3.14.15.r20130202,"org.asnlab.asndt.asnjc",1369722800198
started,bundle,org.asnlab.asndt.core,3.14.1.r20130202,"org.asnlab.asndt.core",1369722800225
started,bundle,org.asnlab.asndt.ui,3.14.1.r20130202,"org.asnlab.asndt.ui",1369722800286
os,sysinfo,,,"win32",1369722800290
arch,sysinfo,,,"x86",1369722800290
ws,sysinfo,,,"win32",1369722800290
locale,sysinfo,,,"zh_CN",1369722800290
processors,sysinfo,,,"2",1369722800290
java.runtime.name,sysinfo,,,"Java(TM) SE Runtime Environment",1369722800290
java.runtime.version,sysinfo,,,"1.6.0_17-b04",1369722800290
java.specification.name,sysinfo,,,"Java Platform API Specification",1369722800290
java.specification.vendor,sysinfo,,,"Sun Microsystems Inc.",1369722800290
java.specification.version,sysinfo,,,"1.6",1369722800290
java.vendor,sysinfo,,,"Sun Microsystems Inc.",1369722800290
java.version,sysinfo,,,"1.6.0_17",1369722800290
java.vm.info,sysinfo,,,"mixed mode",1369722800290
java.vm.name,sysinfo,,,"Java HotSpot(TM) Client VM",1369722800290
java.vm.specification.name,sysinfo,,,"Java Virtual Machine Specification",1369722800290
java.vm.specification.vendor,sysinfo,,,"Sun Microsystems Inc.",1369722800290
java.vm.specification.version,sysinfo,,,"1.0",1369722800290
java.vm.vendor,sysinfo,,,"Sun Microsystems Inc.",1369722800290
java.vm.version,sysinfo,,,"14.3-b01",1369722800290
opened,view,org.eclipse.ui.ide,3.7.0.v20110928-1505,"org.eclipse.ui.views.ProblemView",1369722801772
started,bundle,org.eclipse.debug.ui,3.7.102.v20111129-1423_r372,"org.eclipse.debug.ui",1369722802475
started,bundle,org.eclipse.cdt.dsf,2.2.0.201202111925,"org.eclipse.cdt.dsf",1369722802532
started,bundle,org.eclipse.cdt.dsf.gdb,4.0.2.201202111925,"org.eclipse.cdt.dsf.gdb",1369722802547
started,bundle,org.eclipse.cdt.dsf.gdb.ui,2.2.1.201202111925,"org.eclipse.cdt.dsf.gdb.ui",1369722802551
started,bundle,org.eclipse.jdt.debug.ui,3.6.1.v20111006_r372,"org.eclipse.jdt.debug.ui",1369722804988
started,bundle,com.collabnet.subversion.merge,2.2.4,"com.collabnet.subversion.merge",1369722806047
started,bundle,org.eclipse.compare,3.5.202.R37x_v20111109-0800,"org.eclipse.compare",1369722806161
started,bundle,org.eclipse.cdt.make.core,7.1.2.201202111925,"org.eclipse.cdt.make.core",1369722806194
started,bundle,org.tigris.subversion.subclipse.ui,1.6.18,"org.tigris.subversion.subclipse.ui",1369722806285
started,bundle,org.eclipse.cdt.managedbuilder.core,8.0.2.201202111925,"org.eclipse.cdt.managedbuilder.core",1369722806439
started,bundle,org.eclipse.cdt.core,5.3.2.201202111925,"org.eclipse.cdt.core",1369722806961
started,bundle,org.eclipse.ui.navigator,3.5.101.v20120106-1355,"org.eclipse.ui.navigator",1369722807150
started,bundle,org.eclipse.cdt.ui,5.3.2.201202111925,"org.eclipse.cdt.ui",1369722807359
started,bundle,org.eclipse.cdt.codan.core.cxx,1.0.0.201202111925,"org.eclipse.cdt.codan.core.cxx",1369722807368
started,bundle,org.eclipse.cdt.make.ui,7.1.2.201202111925,"org.eclipse.cdt.make.ui",1369722807384
started,bundle,org.eclipse.cdt.codan.core,2.0.0.201202111925,"org.eclipse.cdt.codan.core",1369722807387
started,bundle,org.eclipse.cdt.codan.checkers,1.0.1.201202111925,"org.eclipse.cdt.codan.checkers",1369722807411
activated,view,org.eclipse.jdt.ui,3.7.2.v20120109-1427,"org.eclipse.jdt.ui.PackageExplorer",1369723808625
opened,editor,org.eclipse.jdt.ui,3.7.2.v20120109-1427,"org.eclipse.jdt.ui.CompilationUnitEditor",1369723811307
activated,editor,org.eclipse.jdt.ui,3.7.2.v20120109-1427,"org.eclipse.jdt.ui.CompilationUnitEditor",1369723811360
activated,view,org.eclipse.jdt.ui,3.7.2.v20120109-1427,"org.eclipse.jdt.ui.PackageExplorer",1369723811499
opened,editor,org.eclipse.jdt.ui,3.7.2.v20120109-1427,"org.eclipse.jdt.ui.CompilationUnitEditor",1369723811725
started,bundle,org.eclipse.wst.sse.core,1.1.602.v201112071516,"org.eclipse.wst.sse.core",1369723811754
started,bundle,org.eclipse.wst.html.core,1.1.502.v201202091936,"org.eclipse.wst.html.core",1369723811762
activated,editor,org.eclipse.jdt.ui,3.7.2.v20120109-1427,"org.eclipse.jdt.ui.CompilationUnitEditor",1369723811775
started,bundle,org.eclipse.cdt.debug.core,7.1.0.201202111925,"org.eclipse.cdt.debug.core",1369723818306
started,bundle,org.eclipse.cdt.debug.ui,7.1.2.201202111925,"org.eclipse.cdt.debug.ui",1369723818640
started,bundle,org.eclipse.wst.server.core,1.1.304.v20120208_1420,"org.eclipse.wst.server.core",1369723818702
started,bundle,org.eclipse.wst.server.ui,1.3.0.v20120210_1439,"org.eclipse.wst.server.ui",1369723818715
executed,command,org.eclipse.debug.ui,3.7.102.v20111129-1423_r372,"org.eclipse.debug.ui.commands.RunLast",1369723818801
started,bundle,org.eclipse.cdt.debug.mi.ui,6.1.1.201202111925,"org.eclipse.cdt.debug.mi.ui",1369723819114
started,bundle,org.eclipse.cdt.debug.mi.core,7.1.1.201202111925,"org.eclipse.cdt.debug.mi.core",1369723819180
executed,command,org.eclipse.debug.ui,3.7.102.v20111129-1423_r372,"org.eclipse.debug.ui.commands.RunLast",1369723824239
activated,view,org.eclipse.ui.console,3.5.100.v20111007_r372,"org.eclipse.ui.console.ConsoleView",1369723827957
activated,editor,org.eclipse.jdt.ui,3.7.2.v20120109-1427,"org.eclipse.jdt.ui.CompilationUnitEditor",1369723829460
activated,view,org.eclipse.ui.console,3.5.100.v20111007_r372,"org.eclipse.ui.console.ConsoleView",1369723830457
activated,editor,org.eclipse.jdt.ui,3.7.2.v20120109-1427,"org.eclipse.jdt.ui.CompilationUnitEditor",1369723830882
activated,view,org.eclipse.jdt.ui,3.7.2.v20120109-1427,"org.eclipse.jdt.ui.PackageExplorer",1369723837570
deactivated,workbench,org.eclipse.ui.workbench,3.7.1.v20120104-1859,"",1369723839260
activated,workbench,org.eclipse.ui.workbench,3.7.1.v20120104-1859,"",1369723848175
activated,editor,org.eclipse.jdt.ui,3.7.2.v20120109-1427,"org.eclipse.jdt.ui.CompilationUnitEditor",1369723848621
activated,view,org.eclipse.jdt.ui,3.7.2.v20120109-1427,"org.eclipse.jdt.ui.PackageExplorer",1369723858191
opened,editor,org.eclipse.jdt.ui,3.7.2.v20120109-1427,"org.eclipse.jdt.ui.CompilationUnitEditor",1369723858946
activated,editor,org.eclipse.jdt.ui,3.7.2.v20120109-1427,"org.eclipse.jdt.ui.CompilationUnitEditor",1369723858986
executed,command,org.eclipse.jdt.ui,3.7.2.v20120109-1427,"org.eclipse.jdt.ui.edit.text.java.open.editor",1369723876749
activated,view,org.eclipse.jdt.ui,3.7.2.v20120109-1427,"org.eclipse.jdt.ui.PackageExplorer",1369723920292
opened,editor,org.eclipse.jdt.ui,3.7.2.v20120109-1427,"org.eclipse.jdt.ui.CompilationUnitEditor",1369723920541
activated,editor,org.eclipse.jdt.ui,3.7.2.v20120109-1427,"org.eclipse.jdt.ui.CompilationUnitEditor",1369723920580
activated,view,org.eclipse.jdt.ui,3.7.2.v20120109-1427,"org.eclipse.jdt.ui.PackageExplorer",1369723920931
opened,editor,org.eclipse.jdt.ui,3.7.2.v20120109-1427,"org.eclipse.jdt.ui.CompilationUnitEditor",1369723921161
activated,editor,org.eclipse.jdt.ui,3.7.2.v20120109-1427,"org.eclipse.jdt.ui.CompilationUnitEditor",1369723921194
activated,view,org.eclipse.jdt.ui,3.7.2.v20120109-1427,"org.eclipse.jdt.ui.PackageExplorer",1369723921386
activated,editor,org.eclipse.jdt.ui,3.7.2.v20120109-1427,"org.eclipse.jdt.ui.CompilationUnitEditor",1369723921579
executed,command,org.eclipse.jdt.debug.ui,3.6.1.v20111006_r372,"org.eclipse.jdt.debug.ui.localJavaShortcut.run",1369723940801
deactivated,workbench,org.eclipse.ui.workbench,3.7.1.v20120104-1859,"",1369723943521
activated,workbench,org.eclipse.ui.workbench,3.7.1.v20120104-1859,"",1369723943975
executed,command,org.eclipse.jdt.debug.ui,3.6.1.v20111006_r372,"org.eclipse.jdt.debug.ui.localJavaShortcut.run",1369723945177
deactivated,workbench,org.eclipse.ui.workbench,3.7.1.v20120104-1859,"",1369723945872
activated,workbench,org.eclipse.ui.workbench,3.7.1.v20120104-1859,"",1369723996775
activated,view,org.eclipse.ui.console,3.5.100.v20111007_r372,"org.eclipse.ui.console.ConsoleView",1369723997865
activated,editor,org.eclipse.jdt.ui,3.7.2.v20120109-1427,"org.eclipse.jdt.ui.CompilationUnitEditor",1369723998925
activated,view,org.eclipse.jdt.ui,3.7.2.v20120109-1427,"org.eclipse.jdt.ui.PackageExplorer",1369724028279
opened,editor,org.eclipse.jdt.ui,3.7.2.v20120109-1427,"org.eclipse.jdt.ui.CompilationUnitEditor",1369724028486
activated,editor,org.eclipse.jdt.ui,3.7.2.v20120109-1427,"org.eclipse.jdt.ui.CompilationUnitEditor",1369724028520
activated,view,org.eclipse.jdt.ui,3.7.2.v20120109-1427,"org.eclipse.jdt.ui.PackageExplorer",1369724031882
opened,editor,org.eclipse.jdt.ui,3.7.2.v20120109-1427,"org.eclipse.jdt.ui.CompilationUnitEditor",1369724032067
activated,editor,org.eclipse.jdt.ui,3.7.2.v20120109-1427,"org.eclipse.jdt.ui.CompilationUnitEditor",1369724032105
executed,command,org.eclipse.debug.ui,3.7.102.v20111129-1423_r372,"org.eclipse.debug.ui.commands.RunLast",1369724035009
activated,view,org.eclipse.ui.console,3.5.100.v20111007_r372,"org.eclipse.ui.console.ConsoleView",1369724040007
activated,editor,org.eclipse.jdt.ui,3.7.2.v20120109-1427,"org.eclipse.jdt.ui.CompilationUnitEditor",1369724040631
deactivated,workbench,org.eclipse.ui.workbench,3.7.1.v20120104-1859,"",1369724042637
activated,workbench,org.eclipse.ui.workbench,3.7.1.v20120104-1859,"",1369724055495
started,bundle,org.eclipse.mylyn.java.tasks,3.6.0.v20110608-1400,"org.eclipse.mylyn.java.tasks",1369724129741
activated,view,org.eclipse.jdt.ui,3.7.2.v20120109-1427,"org.eclipse.jdt.ui.PackageExplorer",1369724131380
activated,editor,org.eclipse.jdt.ui,3.7.2.v20120109-1427,"org.eclipse.jdt.ui.CompilationUnitEditor",1369724135324
deactivated,workbench,org.eclipse.ui.workbench,3.7.1.v20120104-1859,"",1369724137706
activated,workbench,org.eclipse.ui.workbench,3.7.1.v20120104-1859,"",1369725345929
deactivated,workbench,org.eclipse.ui.workbench,3.7.1.v20120104-1859,"",1369725346636
activated,workbench,org.eclipse.ui.workbench,3.7.1.v20120104-1859,"",1369738718714
activated,view,org.eclipse.jdt.ui,3.7.2.v20120109-1427,"org.eclipse.jdt.ui.PackageExplorer",1369738723742
deactivated,workbench,org.eclipse.ui.workbench,3.7.1.v20120104-1859,"",1369738737659
activated,workbench,org.eclipse.ui.workbench,3.7.1.v20120104-1859,"",1369738738194
deactivated,workbench,org.eclipse.ui.workbench,3.7.1.v20120104-1859,"",1369738738286
activated,workbench,org.eclipse.ui.workbench,3.7.1.v20120104-1859,"",1369738750172
started,bundle,org.eclipse.wst.common.frameworks,1.2.102.v201201190400,"org.eclipse.wst.common.frameworks",1369738757290
started,bundle,org.eclipse.emf.common,2.8.0.v20130125-0546,"org.eclipse.emf.common",1369738757371
started,bundle,org.eclipse.emf.ecore,2.8.3.v20130125-0546,"org.eclipse.emf.ecore",1369738757929
started,bundle,org.eclipse.wst.common.emf,1.2.100.v201101101900,"org.eclipse.wst.common.emf",1369738757974
started,bundle,org.eclipse.jem.util,2.1.100.v201103021400,"org.eclipse.jem.util",1369738758214
started,bundle,org.eclipse.emf.ecore.xmi,2.8.1.v20130125-0546,"org.eclipse.emf.ecore.xmi",1369738758285
started,bundle,org.eclipse.wst.common.emfworkbench.integration,1.2.101.v201107140600,"org.eclipse.wst.common.emfworkbench.integration",1369738758329
started,bundle,org.eclipse.wst.common.core,1.2.0.v200908252030,"org.eclipse.wst.common.core",1369738758786
started,bundle,org.eclipse.wst.common.modulecore,1.2.103.v201201190400,"org.eclipse.wst.common.modulecore",1369738758951
deactivated,workbench,org.eclipse.ui.workbench,3.7.1.v20120104-1859,"",1369738759247
started,bundle,org.eclipse.jst.common.project.facet.core,1.4.200.v201103170302,"org.eclipse.jst.common.project.facet.core",1369738759441
started,bundle,org.eclipse.jst.ws.jaxrs.core,1.0.301.v201108240656,"org.eclipse.jst.ws.jaxrs.core",1369738759475
activated,workbench,org.eclipse.ui.workbench,3.7.1.v20120104-1859,"",1369738759591
deactivated,workbench,org.eclipse.ui.workbench,3.7.1.v20120104-1859,"",1369738766200
activated,workbench,org.eclipse.ui.workbench,3.7.1.v20120104-1859,"",1369738766225
deactivated,workbench,org.eclipse.ui.workbench,3.7.1.v20120104-1859,"",1369738767130
started,bundle,org.eclipse.ant.ui,3.5.101.v20120110-1739,"org.eclipse.ant.ui",1369738769007
started,bundle,org.eclipse.pde.core,3.7.1.v20120103_r372,"org.eclipse.pde.core",1369738769159
started,bundle,org.eclipse.wst.jsdt.debug.rhino.ui,1.0.1.v201201112313,"org.eclipse.wst.jsdt.debug.rhino.ui",1369738769229
started,bundle,org.eclipse.wst.jsdt.manipulation,1.0.300.v201104272153,"org.eclipse.wst.jsdt.manipulation",1369738769591
started,bundle,org.eclipse.wst.jsdt.core,1.1.102.v201111090634,"org.eclipse.wst.jsdt.core",1369738769949
started,bundle,org.eclipse.wst.jsdt.ui,1.1.102.v201201131900,"org.eclipse.wst.jsdt.ui",1369738770075
activated,workbench,org.eclipse.ui.workbench,3.7.1.v20120104-1859,"",1369738771313
executed,command,org.eclipse.ui,3.7.0.v20110928-1505,"org.eclipse.ui.edit.rename",1369738771340
started,bundle,org.eclipse.wst.ws.service.policy.ui,1.0.300.v201108240515,"org.eclipse.wst.ws.service.policy.ui",1369738776117
started,bundle,org.eclipse.wst.ws.service.policy,1.0.303.v201009221810,"org.eclipse.wst.ws.service.policy",1369738776149
started,bundle,org.eclipse.wst.command.env,1.0.409.v201004211805,"org.eclipse.wst.command.env",1369738776289
started,bundle,org.eclipse.wst.ws,1.1.203.v201004211805,"org.eclipse.wst.ws",1369738776298
started,bundle,org.eclipse.wst.common.frameworks.ui,1.2.100.v201105122000,"org.eclipse.wst.common.frameworks.ui",1369738776572
deactivated,workbench,org.eclipse.ui.workbench,3.7.1.v20120104-1859,"",1369738780088
activated,workbench,org.eclipse.ui.workbench,3.7.1.v20120104-1859,"",1369738781023
deactivated,workbench,org.eclipse.ui.workbench,3.7.1.v20120104-1859,"",1369738781723
activated,workbench,org.eclipse.ui.workbench,3.7.1.v20120104-1859,"",1369738788723
executed,command,org.eclipse.ui,3.7.0.v20110928-1505,"org.eclipse.ui.edit.paste",1369738790144
deactivated,workbench,org.eclipse.ui.workbench,3.7.1.v20120104-1859,"",1369738792314
activated,workbench,org.eclipse.ui.workbench,3.7.1.v20120104-1859,"",1369738804380
activated,editor,org.eclipse.jdt.ui,3.7.2.v20120109-1427,"org.eclipse.jdt.ui.CompilationUnitEditor",1369738804680
deactivated,workbench,org.eclipse.ui.workbench,3.7.1.v20120104-1859,"",1369738805299
activated,workbench,org.eclipse.ui.workbench,3.7.1.v20120104-1859,"",1369738810119
activated,view,org.eclipse.jdt.ui,3.7.2.v20120109-1427,"org.eclipse.jdt.ui.PackageExplorer",1369738811500
deactivated,workbench,org.eclipse.ui.workbench,3.7.1.v20120104-1859,"",1369738812403
activated,workbench,org.eclipse.ui.workbench,3.7.1.v20120104-1859,"",1369738841482
deactivated,workbench,org.eclipse.ui.workbench,3.7.1.v20120104-1859,"",1369738847278
activated,workbench,org.eclipse.ui.workbench,3.7.1.v20120104-1859,"",1369738853812
deactivated,workbench,org.eclipse.ui.workbench,3.7.1.v20120104-1859,"",1369738859435
activated,workbench,org.eclipse.ui.workbench,3.7.1.v20120104-1859,"",1369738865615
opened,editor,org.eclipse.jdt.ui,3.7.2.v20120109-1427,"org.eclipse.jdt.ui.CompilationUnitEditor",1369738866129
activated,editor,org.eclipse.jdt.ui,3.7.2.v20120109-1427,"org.eclipse.jdt.ui.CompilationUnitEditor",1369738866155
deactivated,workbench,org.eclipse.ui.workbench,3.7.1.v20120104-1859,"",1369738867794
activated,workbench,org.eclipse.ui.workbench,3.7.1.v20120104-1859,"",1369738869325
executed,command,org.eclipse.ui,3.7.0.v20110928-1505,"org.eclipse.ui.edit.selectAll",1369738870142
executed,command,org.eclipse.ui,3.7.0.v20110928-1505,"org.eclipse.ui.edit.paste",1369738870608
executed,command,org.eclipse.ui,3.7.0.v20110928-1505,"org.eclipse.ui.file.save",1369738871574
executed,command,org.eclipse.ui.ide,3.7.0.v20110928-1505,"org.eclipse.jdt.ui.edit.text.java.correction.assist.proposals",1369738875054
deactivated,workbench,org.eclipse.ui.workbench,3.7.1.v20120104-1859,"",1369738875778
activated,workbench,org.eclipse.ui.workbench,3.7.1.v20120104-1859,"",1369738876047
executed,command,org.eclipse.ui.ide,3.7.0.v20110928-1505,"org.eclipse.jdt.ui.edit.text.java.correction.assist.proposals",1369738878848
deactivated,workbench,org.eclipse.ui.workbench,3.7.1.v20120104-1859,"",1369738879250
activated,workbench,org.eclipse.ui.workbench,3.7.1.v20120104-1859,"",1369738879435
executed,command,org.eclipse.jdt.ui,3.7.2.v20120109-1427,"org.eclipse.jdt.ui.edit.text.java.organize.imports",1369738881227
executed,command,org.eclipse.ui,3.7.0.v20110928-1505,"org.eclipse.ui.file.save",1369738882282
executed,command,org.eclipse.ui,3.7.0.v20110928-1505,"org.eclipse.ui.edit.delete",1369738888110
executed,command,org.eclipse.ui,3.7.0.v20110928-1505,"org.eclipse.ui.file.save",1369738888456
deactivated,workbench,org.eclipse.ui.workbench,3.7.1.v20120104-1859,"",1369738891959
activated,workbench,org.eclipse.ui.workbench,3.7.1.v20120104-1859,"",1369738901990
activated,view,org.eclipse.jdt.ui,3.7.2.v20120109-1427,"org.eclipse.jdt.ui.PackageExplorer",1369738902761
opened,editor,org.eclipse.jdt.ui,3.7.2.v20120109-1427,"org.eclipse.jdt.ui.CompilationUnitEditor",1369738903275
activated,editor,org.eclipse.jdt.ui,3.7.2.v20120109-1427,"org.eclipse.jdt.ui.CompilationUnitEditor",1369738903299
activated,view,org.eclipse.jdt.ui,3.7.2.v20120109-1427,"org.eclipse.jdt.ui.PackageExplorer",1369738903405
activated,editor,org.eclipse.jdt.ui,3.7.2.v20120109-1427,"org.eclipse.jdt.ui.CompilationUnitEditor",1369738903432
executed,command,org.eclipse.ui,3.7.0.v20110928-1505,"org.eclipse.ui.edit.paste",1369738903433
activated,view,org.eclipse.jdt.ui,3.7.2.v20120109-1427,"org.eclipse.jdt.ui.PackageExplorer",1369738903956
activated,editor,org.eclipse.jdt.ui,3.7.2.v20120109-1427,"org.eclipse.jdt.ui.CompilationUnitEditor",1369738904104
executed,command,org.eclipse.jdt.ui,3.7.2.v20120109-1427,"org.eclipse.jdt.ui.edit.text.java.organize.imports",1369738905691
executed,command,org.eclipse.ui,3.7.0.v20110928-1505,"org.eclipse.ui.file.save",1369738906816
deactivated,workbench,org.eclipse.ui.workbench,3.7.1.v20120104-1859,"",1369738908297
activated,workbench,org.eclipse.ui.workbench,3.7.1.v20120104-1859,"",1369738913461
activated,view,org.eclipse.jdt.ui,3.7.2.v20120109-1427,"org.eclipse.jdt.ui.PackageExplorer",1369738914095
opened,editor,org.eclipse.jdt.ui,3.7.2.v20120109-1427,"org.eclipse.jdt.ui.CompilationUnitEditor",1369738914418
activated,editor,org.eclipse.jdt.ui,3.7.2.v20120109-1427,"org.eclipse.jdt.ui.CompilationUnitEditor",1369738914444
activated,view,org.eclipse.jdt.ui,3.7.2.v20120109-1427,"org.eclipse.jdt.ui.PackageExplorer",1369738914515
activated,editor,org.eclipse.jdt.ui,3.7.2.v20120109-1427,"org.eclipse.jdt.ui.CompilationUnitEditor",1369738914543
executed,command,org.eclipse.ui,3.7.0.v20110928-1505,"org.eclipse.ui.edit.paste",1369738914543
activated,view,org.eclipse.jdt.ui,3.7.2.v20120109-1427,"org.eclipse.jdt.ui.PackageExplorer",1369738914965
activated,editor,org.eclipse.jdt.ui,3.7.2.v20120109-1427,"org.eclipse.jdt.ui.CompilationUnitEditor",1369738915434
executed,command,org.eclipse.jdt.ui,3.7.2.v20120109-1427,"org.eclipse.jdt.ui.edit.text.java.organize.imports",1369738916386
activated,view,org.eclipse.jdt.ui,3.7.2.v20120109-1427,"org.eclipse.jdt.ui.PackageExplorer",1369738920082
deactivated,workbench,org.eclipse.ui.workbench,3.7.1.v20120104-1859,"",1369738922109
activated,workbench,org.eclipse.ui.workbench,3.7.1.v20120104-1859,"",1369738925263
activated,editor,org.eclipse.jdt.ui,3.7.2.v20120109-1427,"org.eclipse.jdt.ui.CompilationUnitEditor",1369738925853
deactivated,workbench,org.eclipse.ui.workbench,3.7.1.v20120104-1859,"",1369738926878
activated,workbench,org.eclipse.ui.workbench,3.7.1.v20120104-1859,"",1369738930603
executed,command,org.eclipse.jdt.ui,3.7.2.v20120109-1427,"org.eclipse.jdt.ui.edit.text.java.organize.imports",1369738930664
executed,command,org.eclipse.ui,3.7.0.v20110928-1505,"org.eclipse.ui.file.save",1369738931645
executed,command,org.eclipse.debug.ui,3.7.102.v20111129-1423_r372,"org.eclipse.debug.ui.commands.RunLast",1369738932776
deactivated,workbench,org.eclipse.ui.workbench,3.7.1.v20120104-1859,"",1369738933083
activated,workbench,org.eclipse.ui.workbench,3.7.1.v20120104-1859,"",1369738934603
executed,command,org.eclipse.jdt.junit,3.7.0.v20110928-1453,"org.eclipse.jdt.junit.junitShortcut.run",1369738936128
deactivated,workbench,org.eclipse.ui.workbench,3.7.1.v20120104-1859,"",1369738936156
activated,workbench,org.eclipse.ui.workbench,3.7.1.v20120104-1859,"",1369738939095
opened,view,org.eclipse.jdt.junit,3.7.0.v20110928-1453,"org.eclipse.jdt.junit.ResultView",1369738940226
activated,view,org.eclipse.jdt.junit,3.7.0.v20110928-1453,"org.eclipse.jdt.junit.ResultView",1369738946573
activated,editor,org.eclipse.jdt.ui,3.7.2.v20120109-1427,"org.eclipse.jdt.ui.CompilationUnitEditor",1369738947490
activated,view,org.eclipse.ui.console,3.5.100.v20111007_r372,"org.eclipse.ui.console.ConsoleView",1369738954226
activated,editor,org.eclipse.jdt.ui,3.7.2.v20120109-1427,"org.eclipse.jdt.ui.CompilationUnitEditor",1369738955521
executed,command,org.eclipse.ui,3.7.0.v20110928-1505,"org.eclipse.ui.file.save",1369738957230
activated,view,org.eclipse.jdt.junit,3.7.0.v20110928-1453,"org.eclipse.jdt.junit.ResultView",1369738959967
executed,command,org.eclipse.jdt.junit,3.7.0.v20110928-1453,"org.eclipse.jdt.junit.junitShortcut.rerunLast",1369738960055
activated,view,org.eclipse.jdt.ui,3.7.2.v20120109-1427,"org.eclipse.jdt.ui.PackageExplorer",1369738962519
activated,editor,org.eclipse.jdt.ui,3.7.2.v20120109-1427,"org.eclipse.jdt.ui.CompilationUnitEditor",1369738962999
activated,view,org.eclipse.ui.console,3.5.100.v20111007_r372,"org.eclipse.ui.console.ConsoleView",1369738968312
activated,editor,org.eclipse.jdt.ui,3.7.2.v20120109-1427,"org.eclipse.jdt.ui.CompilationUnitEditor",1369738968731
deactivated,workbench,org.eclipse.ui.workbench,3.7.1.v20120104-1859,"",1369738970177
activated,workbench,org.eclipse.ui.workbench,3.7.1.v20120104-1859,"",1369738987021
activated,editor,org.eclipse.jdt.ui,3.7.2.v20120109-1427,"org.eclipse.jdt.ui.CompilationUnitEditor",1369738993729
executed,command,org.eclipse.jdt.ui,3.7.2.v20120109-1427,"org.eclipse.jdt.ui.edit.text.java.open.editor",1369738993749
activated,editor,org.eclipse.jdt.ui,3.7.2.v20120109-1427,"org.eclipse.jdt.ui.CompilationUnitEditor",1369738996506
executed,command,org.eclipse.ui,3.7.0.v20110928-1505,"org.eclipse.ui.navigate.backwardHistory",1369738996549
activated,editor,org.eclipse.jdt.ui,3.7.2.v20120109-1427,"org.eclipse.jdt.ui.CompilationUnitEditor",1369738999858
executed,command,org.eclipse.jdt.ui,3.7.2.v20120109-1427,"org.eclipse.jdt.ui.edit.text.java.open.editor",1369738999859
